company,title,link
한솔교육,한글/영어/플라톤 교사 및 지점 스태프 모집,http://eduhansol.alba.co.kr/
아소비,전국 아소비공부방 선생님을 모십니다.,http://asobi.alba.co.kr/
미스사이공,전국 아르바이트 모집,http://miss420.alba.co.kr/
목구멍,전국 매장 아르바이트 및 직원 모집,http://moggumung.alba.co.kr/
고쿠텐,전국 매장 파트타이머 모집,http://gokuten.alba.co.kr/
만나플러스,전국 지사 라이더 모집,http://manna-plus.alba.co.kr/
올리브영,전국 아르바이트 및 직원 모집,http://oliveyoung.alba.co.kr/
드림디포,전국 매장 직원 및 아르바이트 모집,http://dreamdepot.alba.co.kr/
누구나홀딱반한닭,전국 매장 직원 및 아르바이트 모집,http://noonaholdak.alba.co.kr/
소코아,전국 매장 정직원 및 파트타이머 모집,http://sokoa2017.alba.co.kr/
파리크라상 외식사업부,전국 아르바이트 및 직원모집,http://pariscroissant.alba.co.kr/
피제이피자,전국 아르바이트 및 직원 모집,http://pjpizza.alba.co.kr/
메가마트,전국 파트타이머 및 직원 모집,http://megamart.alba.co.kr/
이자녹스_비욘드_네이처컬렉션,전국 아르바이트 및 직원모집,http://lghnh.alba.co.kr/
투썸플레이스 주식회사,전국 매장 아르바이트 모집,http://twosome.alba.co.kr/
메쉬코리아,[부릉] 전국 부릉배송기사 모집,http://vroong.alba.co.kr/
이마트24,전국 이마트24 파트타이머 채용,http://emart24.alba.co.kr/
호식이두마리치킨,전국 아르바이트 및 직원모집,http://hosigi.alba.co.kr/
브런치빈,전국 매장 파트타이머 모집,http://91company.alba.co.kr/
iCOOP,자연드림 매장직원 모집,http://icoop.alba.co.kr/
(주)현대백화점,전점 아르바이트 및 직원모집,http://hyundaidept.alba.co.kr/
슈퍼히어로,전국 슈퍼히어로 배달라이더 모집,http://superhero.alba.co.kr/
TGI FRIDAYS,전국 아르바이트 및 직원 모집,http://tgif.alba.co.kr/
빅스타피자,전국 매장 직원 및 아르바이트 모집,http://bigstarpizza.alba.co.kr/
"백종원의 더본코리아 직,가맹점",전국 아르바이트 및 직원 모집,http://theborn.alba.co.kr/
노랑통닭,전국 아르바이트 및 직원모집,http://norangtongdak.alba.co.kr/
(주)후니에프앤비,전국 전직원 및 파트타임 직원 모집,http://hdgaemi.alba.co.kr/
Foot Locker Korea,풋락커 코리아 매장직원 모집,http://footlockerkr.alba.co.kr/
(주)바로고,바로고 신규 라이더 모집,http://barogo.alba.co.kr/
딜리온,전국 배송 라이더 모집,http://delion.alba.co.kr/
무인양품(주),전국 STAFF 및 파트타이머 모집,http://mujikorea.alba.co.kr/
하남돼지집,전국 아르바이트 및 직원 모집,http://hanampig.alba.co.kr/
대한곱창,전국 가맹점 STAFF 및 파트타이머 모집,http://daehanfood.alba.co.kr/
성원아이북랜드,독서 교육 전문가 채용,http://ibookland.alba.co.kr/
장원교육,전국 아르바이트 및 직원 모집,http://jangone.alba.co.kr/
호치킨,아르바이트 및 직원모집,http://hochicken.alba.co.kr/
7번가피자,전국 아르바이트 및 라이더 모집,http://7thpizza.alba.co.kr/
구구족,전국 매장 직원 및 파트타이머 모집,http://gugujok.alba.co.kr/
코웨이,전국 코디/코닥 모집,http://coway.alba.co.kr/
딘타이펑,정규직 및 시급직 모집,http://dintaifung.alba.co.kr/
아워홈,전국 아르바이트 및 직원모집,http://ourhome.alba.co.kr/
웅진씽크빅,웅진씽크빅과 함께할 선생님을 모십니다,http://wjtb10000.alba.co.kr/
닭강정공방,전국 매장 직원 및 파트타이머 모집,http://dakgongbang.alba.co.kr/
순살만공격,전국 매장 파트타이머 모집,http://sunsalman.alba.co.kr/
㈜이마트에브리데이,전문직 사원 및 파트타이머 모집,http://everyday.alba.co.kr/
소소떡볶이,전국 매장 아르바이트 모집,http://sosotteokbokki.alba.co.kr/
H&M,전국 매장 STAFF 및 파트타이머 모집,http://hm.alba.co.kr/
교동면옥,전국 매장 직원 및 파트타이머 모집,http://kyodong_myeonok.alba.co.kr/
딜버,전국 배송기사 모집,http://dealver.alba.co.kr/
도미노 피자,아르바이트 모집,http://dominos.alba.co.kr/
GS리테일 H&B사업부문(랄라블라),전국 아르바이트 및 부담당 모집,http://gshnb.alba.co.kr/
청년감자탕순대국,전국 아르바이트 및 직원모집,http://chungnyeon.alba.co.kr/
대리주부,"가사매니저 정식직원, 알바모집",http://daerijubu.alba.co.kr/
청소연구소,청소연구소 가사도우미 모집,http://cleaninglab.alba.co.kr/
오늘와인한잔,전국 아르바이트 및 직원 모집,http://oneulwine.alba.co.kr/
배스킨라빈스 & 던킨,전국 아르바이트 모집,http://baskinrobbins.alba.co.kr/
대패가1900,전국 아르바이트 모집,http://daepaega.alba.co.kr/
CU,전국 CU STAFF 채용,http://bgfretail.alba.co.kr/
(주)hy,한국야쿠르트 fresh 매니저 모집,http://freshmanager.alba.co.kr/
모아콜,전국 라이더 모집,http://moacall.alba.co.kr/
인생네컷,전국 아르바이트 및 직원 모집,http://lifefourcuts.alba.co.kr/
매드포갈릭,전국 아르바이트 및 직원모집,http://madforgarlic.alba.co.kr/
하이케어솔루션 주식회사,전국 LG전자 케어솔루션 매니저 모집(주부우대),http://hcsmanager.alba.co.kr/
신선화로,직원 및 아르바이트 모집,http://sinsunhwaro.alba.co.kr/
(주)플레이타임그룹,[플레이타임그룹]전국 키즈카페 매장 점장/부점장/AR 모집,http://playtime.alba.co.kr/
매머드커피,전국 아르바이트 및 직원모집,http://mmthcoffee.alba.co.kr/
하나로플랫폼,전국 배달라이더 모집,http://hanaropf.alba.co.kr/
도야족발보쌈,전국 아르바이트 및 직원모집,http://jindoya.alba.co.kr/
(주)에이비씨마트코리아,전국 에이비씨마트 판매사원 모집,http://abcmart.alba.co.kr/
후쿠오카함바그,정규직 및 시급직 STAFF모집,http://hambageu.alba.co.kr/
엠즈씨드,전국 바리스타 모집,http://msseed.alba.co.kr/
GS네트웍스,"전국 GS25, GS더프레시 물류센터 아르바이트 및 부담당 모",http://gsnws.alba.co.kr/
다이소,전국 아르바이트 및 직원 모집,http://daiso.alba.co.kr/
파리바게뜨 & 파스쿠찌,전국 아르바이트 및 직원 모집,http://paris.alba.co.kr/
자라코리아,전국 매장 정직원 및 파트타이머 모집,http://zara.alba.co.kr/
봉명동내커피,전국 매장 직원 및 아르바이트 모집,http://bongmyungcoffee.alba.co.kr/
반포식스,전국 매장 정직원 및 파트타이머 모집,http://banhpho6.alba.co.kr/
써브웨이,전국 아르바이트 및 직원모집,http://subway.alba.co.kr/
신세계푸드,신세계푸드 직영 주니어 파트너(아르바이트) 모집,http://ssgfood.alba.co.kr/
쉐이크쉑,전국 아르바이트 및 직원모집,http://shakeshack.alba.co.kr/
경성주막 & 크라운호프 & 금복주류,전국 매장 아르바이트 및 직원 모집,http://www.alba.co.kr/job/brand/pspfnd/
피자샵,전국 아르바이트 및 직원모집,http://handmadepizza.alba.co.kr/
고반식당,전국 매장 직원 및 파트타이머 모집,http://gobanglobal.alba.co.kr/
할리스커피 & 디초콜릿커피앤드,전국 아르바이트 및 직원모집,http://hollys.alba.co.kr/
KFC,전국 KFC 아르바이트 및 정규직 모집,http://kfc.alba.co.kr/
바스버거,파트타이머 채용,http://basburger.alba.co.kr/
롯데지알에스,전국 아르바이트 모집,http://lottegrs.alba.co.kr/
정직유부,전국 아르바이트 및 직원 모집,http://jjub0524.alba.co.kr/
(주)우아한청년들,B마트 아르바이트 및 직원모집,http://baeminmarket.alba.co.kr/
SK에너지,SK주유소/충전소 직원모집,http://skenergy.alba.co.kr/
째깍악어,[아이돌봄 서비스] 대학생/보육교사/특기교사 모집,http://tictoccroc.alba.co.kr/
홈플러스 익스프레스,"전국 직원, 아르바이트 모집",http://homeplusexpress.alba.co.kr/
용호낙지,전국 아르바이트 직원 모집,http://kfoodholdings.alba.co.kr/
경복궁_삿뽀로_엔타스,전국 아르바이트 및 직원 모집,http://www.alba.co.kr/job/brand/entas/
보배반점,전국 매장 직원 및 아르바이트 모집,http://bobaebanjum.alba.co.kr/
버거킹,전국 버거킹 아르바이트 모집,http://burgerking.alba.co.kr/
GS25,GS25 파트타임 모집,http://gs25.alba.co.kr/
브라운돈까스,전국 직원 및 아르바이트 모집,http://browntonkatsu.alba.co.kr/
하이디라오,전국 매장 직원 및 아르바이트 모집,http://haidilao.alba.co.kr/
교촌치킨,전국 아르바이트 및 직원모집,http://kyochon.alba.co.kr/
크리스피 크림 도넛,전국 아르바이트 및 직원 모집,http://krispykreme.alba.co.kr/
롯데슈퍼,전국 아르바이트 모집,http://lottesuper.alba.co.kr/
SSG_COM,온라인몰 스태프(주5일 근무) 모집,http://ssg.alba.co.kr/
스타벅스,매장 Barista 채용,http://starbucks.alba.co.kr/
GS수퍼마켓,[전국]아르바이트 및 부담당 모집,http://gssuper.alba.co.kr/
노브랜드,노브랜드 스태프 모집,http://emart-nobrand.alba.co.kr/
(주)대연-나이키공식판매점,전국 아르바이트 및 직원모집,http://dae-yeon.alba.co.kr/
원조부안집,전국 매장 STAFF 및 파트타이머 모집,http://sinfood1960.alba.co.kr/
풀무원녹즙,전국 모닝스탭 모집,http://health-pulmuone.alba.co.kr/
슈펜,전국 아르바이트 및 직원 모집,http://shoopen.alba.co.kr/
㈜초록마을,전국 아르바이트 및 직원 모집,http://choroc.alba.co.kr/
홍선생미술,미술 교사 모집,http://eduhong.alba.co.kr/
육회왕자연어공주,전국 매장 직원 및 아르바이트 모집,http://ypyp.alba.co.kr/
포토드링크,전국 아르바이트 및 직원 모집,http://photodrink.alba.co.kr/
(주)생각대로,전국 생각대로 배달라이더 대모집,http://thinknet.alba.co.kr/
에그드랍,전국 매장 직원 및 아르바이트 모집,http://eggdrop.alba.co.kr/
대교 눈높이,전국 눈높이 교육컨설턴트 모집,http://daekyo.alba.co.kr/
(주)농협유통,전국아르바이트 및 직원모집,http://nhhanaro.alba.co.kr/
(주)신세계,아르바이트 사원 채용,http://shinsegae.alba.co.kr/
(주)교원구몬,2022년 구몬선생님 모집(전국),http://kumon.alba.co.kr/
육첩반상 & 탐라포차,전국 매장 직원 및 파트타이머 모집,http://meattable.alba.co.kr/
에잇세컨즈,전국 아르바이트 및 직원모집,http://8seconds.alba.co.kr/
롯데마트,전국 아르바이트 및 직원 모집,http://lottemart.alba.co.kr/
러쉬코리아,전국 아르바이트 및 직원모집,http://lushkorea.alba.co.kr/
세븐일레븐,전국 아르바이트 및 직원모집,http://7-eleven.alba.co.kr/
㈜이마트,이마트/전문점 스태프 모집,http://emart.alba.co.kr/
아웃백,아웃백커 모집,http://outback.alba.co.kr/
엔제리너스,전국 바리스타 및 직원 모집,http://angelinus.alba.co.kr/
롯데리아,전국 아르바이트 및 라이더 모집,http://lotteria.alba.co.kr/
맥도날드,크루 및 라이더 모집,http://mcdonalds.alba.co.kr/
(주)신세계L&B,전국 와인매장 아르바이트 모집,http://ssglnb.alba.co.kr/
(주)박앤박,전국 직원/아르바이트 모집,http://parknpark.alba.co.kr/
유니클로,전국 매장 STAFF 및 파트타이머 모집,http://uniqlo.alba.co.kr/
