local,title,company,pay,reg_date
경기 용인시,방문미술 홍선생미술 용인기흥지사 미술교사 모집, 홍선생미술 경기-용인기흥지사,"18,750",2시간전
울산 남구,방문미술 홍선생미술 울산남구지사 미술교사 모집, 홍선생미술 울산-울산남구지사,"18,750",2시간전
강원 원주시,방문미술 홍선생미술 원주지사 미술교사 모집, 홍선생미술 강원-원주지사,"18,750",2시간전
광주 남구,방문미술 홍선생미술 광주남구지사 미술교사 모집, 홍선생미술 광주-광주 남구지사,"18,750",2시간전
경기 부천시,방문미술 홍선생미술 부천원미지사 미술교사 모집, 홍선생미술 경기-부천원미지사,"18,750",2시간전
부산 북구,방문미술 홍선생미술 부산북구지사 미술교사 모집, 홍선생미술 부산-부산 북구지사,"18,750",2시간전
경기 안산시,방문미술 홍선생미술 안산지사 미술교사 모집, 홍선생미술 경기-안산지사,"18,750",2시간전
대전 중구,방문미술 홍선생미술 대전서구/유성지사 미술교사 모집, 홍선생미술 대전-서구_유성지사,"18,750",2시간전
서울 서대문,방문미술 홍선생미술 서대문지사 미술교사 모집, 홍선생미술 서울-서대문지사,"18,750",2시간전
대전 중구,방문미술 홍선생미술 대전중구/동구지사 미술교사 모집, 홍선생미술 대전-대전 중구_동구지사,"18,750",2시간전
경북 포항시,방문미술 홍선생미술 포항북구지사 미술교사 모집, 홍선생미술 경북-포항 북구지사,"18,750",2시간전
경북 포항시,방문미술 홍선생미술 포항남구지사 미술교사 모집, 홍선생미술 경북-포항 남구지사,"18,750",2시간전
서울 노원구,방문미술 홍선생미술 노원지사 미수교사모집, 홍선생미술 서울-노원지사,"18,750",2시간전
부산 사하구,방문미술 홍선생미술 부산 사하/서구지사 미술교사 모집, 홍선생미술 부산-사하_서구지사,"18,750",2시간전
경북 구미시,방문미술 홍선생미술 구미지사 미술교사 모집, 홍선생미술 경북-구미지사,"18,750",2시간전
대구 달서구,방문미술 홍선생미술 달서지사 미술교사 모집, 홍선생미술 대구-달서지사,"18,750",2시간전
서울 성북구,방문미술 홍선생미술 성북지사 미술교사 모집, 홍선생미술 서울-성북지사,"18,750",2시간전
경기 광명시,방문미술 홍선생미술 광명지사 미술교사 모집, 홍선생미술 경기-광명지사,"18,750",2시간전
경기 파주시,방문미술 홍선생미술 파주지사 미술교사 모집, 홍선생미술 경기-파주지사,"18,750",2시간전
경기 용인시,방문미술 홍선생미술 분당정자지사 미술교사 모집, 홍선생미술 경기-분당 정자지사,"18,750",2시간전
경기 군포시,방문미술 홍선생미술 군포산본지사 미술교사 모집, 홍선생미술 경기-군포_산본지사,"18,750",2시간전
서울 마포구,방문미술 홍선생미술 마포지사 미술교사 모집, 홍선생미술 서울-마포지사,"18,750",2시간전
서울 성동구,방문미술 홍선생미술 성동중구지사 미술교사 모집, 홍선생미술 서울-성동_중구지사,"18,750",2시간전
서울 양천구,방문미술 홍선생미술 양천지사 미술교사 모집, 홍선생미술 서울-양천지사,"18,750",2시간전
경기 시흥시,방문미술 홍선생미술 시흥지사 미술교사 모집, 홍선생미술 경기-시흥지사,"18,750",2시간전
경기 평택시,방문미술 홍선생미술 평택지사 미술교사 모집, 홍선생미술 경기-평택지사,"18,750",2시간전
경기 수원시,방문미술 홍선생미술 영통지사 미술교사 모집, 홍선생미술 경기-수원 영통지사,"18,750",2시간전
광주 광산구,방문미술 홍선생미술 광주광산구지사 미술교사 모집, 홍선생미술 광주-광산구지사,"18,750",2시간전
부산 연제구,방문미술 홍선생미술 연제지사 미술교사 모집, 홍선생미술 부산-연제지사,"18,750",2시간전
경기 화성시,방문미술 홍선생미술 오산지사 미술교사 모집, 홍선생미술 경기-오산지사,"18,750",2시간전
부산 동래구,방문미술 홍선생미술 동래지사 미술교사 모집, 홍선생미술 부산-동래지사,"18,750",2시간전
인천 연수구,방문미술 홍선생미술 송도지사 미술교사 모집, 홍선생미술 인천-송도지사,"18,750",2시간전
경기 양주시,방문미술 홍선생미술 양주지사 미술교사 모집, 홍선생미술 경기-양주지사,"18,750",2시간전
경기 성남시,방문미술 홍선생미술 판교/서현지사 미술교사 모집, 홍선생미술 경기-분당 판교_서현지사,"18,750",2시간전
경기 성남시,방문미술 홍선생미술 성남지사 미술교사 모집, 홍선생미술 경기-성남지사,"18,750",2시간전
서울 구로구,방문미술 홍선생미술 구로지사 미술교사 모집, 홍선생미술 서울-구로(금천독산동)지사,"18,750",2시간전
인천 서구,방문미술 홍선생미술 인천청라지사 미술교사 모집, 홍선생미술 인천-서구 청라지사,"18,750",2시간전
경기 용인시,방문미술 홍선생미술 용인수지지사 미술교사 모집, 홍선생미술 경기-용인 수지지사,"18,750",2시간전
경기 성남시,방문미술 홍선생미술 위례지사 미술교사 모집, 홍선생미술 서울-위례지사,"18,750",2시간전
서울 강서구,방문미술 홍선생미술 강서지사 미술교사 모집, 홍선생미술 서울-강서지사,"18,750",2시간전
경기 화성시,방문미술 홍선생미술 동탄2지사 미술교사 모집, 홍선생미술 경기-화성-동탄2신도시지사,"18,750",2시간전
대구 달성군,방문미술 홍선생미술 달성지사 미술교사 모집, 홍선생미술 대구-달성지사,"18,750",2시간전
경기 수원시,방문미술 홍선생미술 광교지사 미술교사 모집, 홍선생미술 경기-광교지사,"18,750",2시간전
서울 용산구,방문미술 홍선생미술 용산지사 미술교사 모집, 홍선생미술 서울-용산지사,"18,750",2시간전
서울 영등포,방문미술 홍선생미술 여의도영등포지사 미술교사 모집, 홍선생미술 서울-여의도영등포지사,"18,750",2시간전
경북 경주시,방문미술 홍선생미술 경주지사 미술교사 모집, 홍선생미술 경북-경주지사,"18,750",2시간전
충북 청주시,방문미술 홍선생미술 오창오송지사 미술교사 모집, 홍선생미술 충북-청주오창오송지사,"18,750",2시간전
